time_ms,pitch,roll,yaw
0,0.000,0.000,0.000
10,-0.004,0.000,0.000
20,-0.018,0.000,0.000
30,-0.040,0.000,0.000
40,-0.070,0.000,0.000
50,-0.109,0.000,0.000
60,-0.156,0.000,0.000
70,-0.210,0.000,0.000
80,-0.273,0.000,0.000
90,-0.343,0.000,0.000
100,-0.420,0.000,0.000
110,-0.505,0.000,0.000
120,-0.596,0.000,0.000
130,-0.695,0.000,0.000
140,-0.800,0.000,0.000
150,-0.911,0.000,0.000
160,-1.029,0.000,0.000
170,-1.153,0.000,0.000
180,-1.283,0.000,0.000
190,-1.419,0.000,0.000
200,-1.560,0.000,0.000
210,-1.707,0.000,0.000
220,-1.859,0.000,0.000
230,-2.015,0.000,0.000
240,-2.177,0.000,0.000
250,-2.344,0.000,0.000
260,-2.515,0.000,0.000
270,-2.690,0.000,0.000
280,-2.869,0.000,0.000
290,-3.053,0.000,0.000
300,-3.240,0.000,0.000
310,-3.431,0.000,0.000
320,-3.625,0.000,0.000
330,-3.822,0.000,0.000
340,-4.023,0.000,0.000
350,-4.226,0.000,0.000
360,-4.432,0.000,0.000
370,-4.641,0.000,0.000
380,-4.852,0.000,0.000
390,-5.065,0.000,0.000
400,-5.280,0.000,0.000
410,-5.497,0.000,0.000
420,-5.715,0.000,0.000
430,-5.935,0.000,0.000
440,-6.156,0.000,0.000
450,-6.379,0.000,0.000
460,-6.602,0.000,0.000
470,-6.826,0.000,0.000
480,-7.050,0.000,0.000
490,-7.275,0.000,0.000
500,-7.500,0.000,0.000
510,-7.725,0.000,0.000
520,-7.950,0.000,0.000
530,-8.174,0.000,0.000
540,-8.398,0.000,0.000
550,-8.621,0.000,0.000
560,-8.844,0.000,0.000
570,-9.065,0.000,0.000
580,-9.285,0.000,0.000
590,-9.503,0.000,0.000
600,-9.720,0.000,0.000
610,-9.935,0.000,0.000
620,-10.148,0.000,0.000
630,-10.359,0.000,0.000
640,-10.568,0.000,0.000
650,-10.774,0.000,0.000
660,-10.977,0.000,0.000
670,-11.178,0.000,0.000
680,-11.375,0.000,0.000
690,-11.569,0.000,0.000
700,-11.760,0.000,0.000
710,-11.947,0.000,0.000
720,-12.131,0.000,0.000
730,-12.310,0.000,0.000
740,-12.485,0.000,0.000
750,-12.656,0.000,0.000
760,-12.823,0.000,0.000
770,-12.985,0.000,0.000
780,-13.141,0.000,0.000
790,-13.293,0.000,0.000
800,-13.440,0.000,0.000
810,-13.581,0.000,0.000
820,-13.717,0.000,0.000
830,-13.847,0.000,0.000
840,-13.971,0.000,0.000
850,-14.089,0.000,0.000
860,-14.200,0.000,0.000
870,-14.305,0.000,0.000
880,-14.404,0.000,0.000
890,-14.495,0.000,0.000
900,-14.580,0.000,0.000
910,-14.657,0.000,0.000
920,-14.727,0.000,0.000
930,-14.790,0.000,0.000
940,-14.844,0.000,0.000
950,-14.891,0.000,0.000
960,-14.930,0.000,0.000
970,-14.960,0.000,0.000
980,-14.982,0.000,0.000
990,-14.996,0.000,0.000
1000,-15.000,0.000,0.000
1010,-14.991,0.000,0.000
1020,-14.964,0.000,0.000
1030,-14.921,0.000,0.000
1040,-14.860,0.000,0.000
1050,-14.783,0.000,0.000
1060,-14.689,0.000,0.000
1070,-14.580,0.000,0.000
1080,-14.455,0.000,0.000
1090,-14.315,0.000,0.000
1100,-14.160,0.000,0.000
1110,-13.991,0.000,0.000
1120,-13.808,0.000,0.000
1130,-13.611,0.000,0.000
1140,-13.401,0.000,0.000
1150,-13.178,0.000,0.000
1160,-12.942,0.000,0.000
1170,-12.694,0.000,0.000
1180,-12.434,0.000,0.000
1190,-12.163,0.000,0.000
1200,-11.880,0.000,0.000
1210,-11.587,0.000,0.000
1220,-11.283,0.000,0.000
1230,-10.969,0.000,0.000
1240,-10.645,0.000,0.000
1250,-10.313,0.000,0.000
1260,-9.971,0.000,0.000
1270,-9.620,0.000,0.000
1280,-9.261,0.000,0.000
1290,-8.894,0.000,0.000
1300,-8.520,0.000,0.000
1310,-8.138,0.000,0.000
1320,-7.750,0.000,0.000
1330,-7.355,0.000,0.000
1340,-6.954,0.000,0.000
1350,-6.547,0.000,0.000
1360,-6.135,0.000,0.000
1370,-5.718,0.000,0.000
1380,-5.296,0.000,0.000
1390,-4.870,0.000,0.000
1400,-4.440,0.000,0.000
1410,-4.006,0.000,0.000
1420,-3.569,0.000,0.000
1430,-3.129,0.000,0.000
1440,-2.687,0.000,0.000
1450,-2.242,0.000,0.000
1460,-1.796,0.000,0.000
1470,-1.348,0.000,0.000
1480,-0.900,0.000,0.000
1490,-0.450,0.000,0.000
1500,0.000,0.000,0.000
1510,0.450,0.000,0.000
1520,0.900,0.000,0.000
1530,1.348,0.000,0.000
1540,1.796,0.000,0.000
1550,2.242,0.000,0.000
1560,2.687,0.000,0.000
1570,3.129,0.000,0.000
1580,3.569,0.000,0.000
1590,4.006,0.000,0.000
1600,4.440,0.000,0.000
1610,4.870,0.000,0.000
1620,5.296,0.000,0.000
1630,5.718,0.000,0.000
1640,6.135,0.000,0.000
1650,6.547,0.000,0.000
1660,6.954,0.000,0.000
1670,7.355,0.000,0.000
1680,7.750,0.000,0.000
1690,8.138,0.000,0.000
1700,8.520,0.000,0.000
1710,8.894,0.000,0.000
1720,9.261,0.000,0.000
1730,9.620,0.000,0.000
1740,9.971,0.000,0.000
1750,10.313,0.000,0.000
1760,10.645,0.000,0.000
1770,10.969,0.000,0.000
1780,11.283,0.000,0.000
1790,11.587,0.000,0.000
1800,11.880,0.000,0.000
1810,12.163,0.000,0.000
1820,12.434,0.000,0.000
1830,12.694,0.000,0.000
1840,12.942,0.000,0.000
1850,13.178,0.000,0.000
1860,13.401,0.000,0.000
1870,13.611,0.000,0.000
1880,13.808,0.000,0.000
1890,13.991,0.000,0.000
1900,14.160,0.000,0.000
1910,14.315,0.000,0.000
1920,14.455,0.000,0.000
1930,14.580,0.000,0.000
1940,14.689,0.000,0.000
1950,14.783,0.000,0.000
1960,14.860,0.000,0.000
1970,14.921,0.000,0.000
1980,14.964,0.000,0.000
1990,14.991,0.000,0.000
2000,15.000,0.000,0.000
2010,15.000,0.000,0.001
2020,15.000,0.000,0.004
2030,15.000,0.000,0.010
2040,15.000,0.000,0.018
2050,15.000,0.000,0.028
2060,15.000,0.000,0.040
2070,15.000,0.000,0.054
2080,15.000,0.000,0.070
2090,15.000,0.000,0.088
2100,15.000,0.000,0.109
2110,15.000,0.000,0.131
2120,15.000,0.000,0.156
2130,15.000,0.000,0.182
2140,15.000,0.000,0.210
2150,15.000,0.000,0.240
2160,15.000,0.000,0.273
2170,15.000,0.000,0.307
2180,15.000,0.000,0.343
2190,15.000,0.000,0.380
2200,15.000,0.000,0.420
2210,15.000,0.000,0.461
2220,15.000,0.000,0.505
2230,15.000,0.000,0.549
2240,15.000,0.000,0.596
2250,15.000,0.000,0.645
2260,15.000,0.000,0.695
2270,15.000,0.000,0.746
2280,15.000,0.000,0.800
2290,15.000,0.000,0.855
2300,15.000,0.000,0.911
2310,15.000,0.000,0.969
2320,15.000,0.000,1.029
2330,15.000,0.000,1.090
2340,15.000,0.000,1.153
2350,15.000,0.000,1.217
2360,15.000,0.000,1.283
2370,15.000,0.000,1.350
2380,15.000,0.000,1.419
2390,15.000,0.000,1.489
2400,15.000,0.000,1.560
2410,15.000,0.000,1.633
2420,15.000,0.000,1.707
2430,15.000,0.000,1.782
2440,15.000,0.000,1.859
2450,15.000,0.000,1.936
2460,15.000,0.000,2.015
2470,15.000,0.000,2.096
2480,15.000,0.000,2.177
2490,15.000,0.000,2.260
2500,15.000,0.000,2.344
2510,15.000,0.000,2.429
2520,15.000,0.000,2.515
2530,15.000,0.000,2.602
2540,15.000,0.000,2.690
2550,15.000,0.000,2.779
2560,15.000,0.000,2.869
2570,15.000,0.000,2.961
2580,15.000,0.000,3.053
2590,15.000,0.000,3.146
2600,15.000,0.000,3.240
2610,15.000,0.000,3.335
2620,15.000,0.000,3.431
2630,15.000,0.000,3.527
2640,15.000,0.000,3.625
2650,15.000,0.000,3.723
2660,15.000,0.000,3.822
2670,15.000,0.000,3.922
2680,15.000,0.000,4.023
2690,15.000,0.000,4.124
2700,15.000,0.000,4.226
2710,15.000,0.000,4.329
2720,15.000,0.000,4.432
2730,15.000,0.000,4.536
2740,15.000,0.000,4.641
2750,15.000,0.000,4.746
2760,15.000,0.000,4.852
2770,15.000,0.000,4.958
2780,15.000,0.000,5.065
2790,15.000,0.000,5.172
2800,15.000,0.000,5.280
2810,15.000,0.000,5.388
2820,15.000,0.000,5.497
2830,15.000,0.000,5.606
2840,15.000,0.000,5.715
2850,15.000,0.000,5.825
2860,15.000,0.000,5.935
2870,15.000,0.000,6.046
2880,15.000,0.000,6.156
2890,15.000,0.000,6.267
2900,15.000,0.000,6.379
2910,15.000,0.000,6.490
2920,15.000,0.000,6.602
2930,15.000,0.000,6.714
2940,15.000,0.000,6.826
2950,15.000,0.000,6.938
2960,15.000,0.000,7.050
2970,15.000,0.000,7.163
2980,15.000,0.000,7.275
2990,15.000,0.000,7.388
3000,15.000,0.000,7.500
3010,15.000,0.000,7.612
3020,15.000,0.000,7.725
3030,15.000,0.000,7.837
3040,15.000,0.000,7.950
3050,15.000,0.000,8.062
3060,15.000,0.000,8.174
3070,15.000,0.000,8.286
3080,15.000,0.000,8.398
3090,15.000,0.000,8.510
3100,15.000,0.000,8.621
3110,15.000,0.000,8.733
3120,15.000,0.000,8.844
3130,15.000,0.000,8.954
3140,15.000,0.000,9.065
3150,15.000,0.000,9.175
3160,15.000,0.000,9.285
3170,15.000,0.000,9.394
3180,15.000,0.000,9.503
3190,15.000,0.000,9.612
3200,15.000,0.000,9.720
3210,15.000,0.000,9.828
3220,15.000,0.000,9.935
3230,15.000,0.000,10.042
3240,15.000,0.000,10.148
3250,15.000,0.000,10.254
3260,15.000,0.000,10.359
3270,15.000,0.000,10.464
3280,15.000,0.000,10.568
3290,15.000,0.000,10.671
3300,15.000,0.000,10.774
3310,15.000,0.000,10.876
3320,15.000,0.000,10.977
3330,15.000,0.000,11.078
3340,15.000,0.000,11.178
3350,15.000,0.000,11.277
3360,15.000,0.000,11.375
3370,15.000,0.000,11.473
3380,15.000,0.000,11.569
3390,15.000,0.000,11.665
3400,15.000,0.000,11.760
3410,15.000,0.000,11.854
3420,15.000,0.000,11.947
3430,15.000,0.000,12.039
3440,15.000,0.000,12.131
3450,15.000,0.000,12.221
3460,15.000,0.000,12.310
3470,15.000,0.000,12.398
3480,15.000,0.000,12.485
3490,15.000,0.000,12.571
3500,15.000,0.000,12.656
3510,15.000,0.000,12.740
3520,15.000,0.000,12.823
3530,15.000,0.000,12.904
3540,15.000,0.000,12.985
3550,15.000,0.000,13.064
3560,15.000,0.000,13.141
3570,15.000,0.000,13.218
3580,15.000,0.000,13.293
3590,15.000,0.000,13.367
3600,15.000,0.000,13.440
3610,15.000,0.000,13.511
3620,15.000,0.000,13.581
3630,15.000,0.000,13.650
3640,15.000,0.000,13.717
3650,15.000,0.000,13.783
3660,15.000,0.000,13.847
3670,15.000,0.000,13.910
3680,15.000,0.000,13.971
3690,15.000,0.000,14.031
3700,15.000,0.000,14.089
3710,15.000,0.000,14.145
3720,15.000,0.000,14.200
3730,15.000,0.000,14.254
3740,15.000,0.000,14.305
3750,15.000,0.000,14.355
3760,15.000,0.000,14.404
3770,15.000,0.000,14.451
3780,15.000,0.000,14.495
3790,15.000,0.000,14.539
3800,15.000,0.000,14.580
3810,15.000,0.000,14.620
3820,15.000,0.000,14.657
3830,15.000,0.000,14.693
3840,15.000,0.000,14.727
3850,15.000,0.000,14.760
3860,15.000,0.000,14.790
3870,15.000,0.000,14.818
3880,15.000,0.000,14.844
3890,15.000,0.000,14.869
3900,15.000,0.000,14.891
3910,15.000,0.000,14.912
3920,15.000,0.000,14.930
3930,15.000,0.000,14.946
3940,15.000,0.000,14.960
3950,15.000,0.000,14.972
3960,15.000,0.000,14.982
3970,15.000,0.000,14.990
3980,15.000,0.000,14.996
3990,15.000,0.000,14.999
4000,15.000,0.000,15.000
4010,15.000,0.000,14.997
4020,15.000,0.000,14.986
4030,15.000,0.000,14.969
4040,15.000,0.000,14.945
4050,15.000,0.000,14.915
4060,15.000,0.000,14.878
4070,15.000,0.000,14.835
4080,15.000,0.000,14.786
4090,15.000,0.000,14.731
4100,15.000,0.000,14.670
4110,15.000,0.000,14.603
4120,15.000,0.000,14.531
4130,15.000,0.000,14.452
4140,15.000,0.000,14.369
4150,15.000,0.000,14.280
4160,15.000,0.000,14.186
4170,15.000,0.000,14.087
4180,15.000,0.000,13.983
4190,15.000,0.000,13.874
4200,15.000,0.000,13.760
4210,15.000,0.000,13.642
4220,15.000,0.000,13.519
4230,15.000,0.000,13.392
4240,15.000,0.000,13.260
4250,15.000,0.000,13.125
4260,15.000,0.000,12.986
4270,15.000,0.000,12.842
4280,15.000,0.000,12.695
4290,15.000,0.000,12.544
4300,15.000,0.000,12.390
4310,15.000,0.000,12.232
4320,15.000,0.000,12.071
4330,15.000,0.000,11.907
4340,15.000,0.000,11.740
4350,15.000,0.000,11.570
4360,15.000,0.000,11.397
4370,15.000,0.000,11.222
4380,15.000,0.000,11.043
4390,15.000,0.000,10.863
4400,15.000,0.000,10.680
4410,15.000,0.000,10.495
4420,15.000,0.000,10.308
4430,15.000,0.000,10.119
4440,15.000,0.000,9.928
4450,15.000,0.000,9.735
4460,15.000,0.000,9.541
4470,15.000,0.000,9.345
4480,15.000,0.000,9.148
4490,15.000,0.000,8.949
4500,15.000,0.000,8.750
4510,15.000,0.000,8.550
4520,15.000,0.000,8.348
4530,15.000,0.000,8.146
4540,15.000,0.000,7.943
4550,15.000,0.000,7.740
4560,15.000,0.000,7.536
4570,15.000,0.000,7.332
4580,15.000,0.000,7.128
4590,15.000,0.000,6.924
4600,15.000,0.000,6.720
4610,15.000,0.000,6.516
4620,15.000,0.000,6.313
4630,15.000,0.000,6.109
4640,15.000,0.000,5.907
4650,15.000,0.000,5.705
4660,15.000,0.000,5.504
4670,15.000,0.000,5.304
4680,15.000,0.000,5.105
4690,15.000,0.000,4.907
4700,15.000,0.000,4.710
4710,15.000,0.000,4.515
4720,15.000,0.000,4.321
4730,15.000,0.000,4.129
4740,15.000,0.000,3.938
4750,15.000,0.000,3.750
4760,15.000,0.000,3.564
4770,15.000,0.000,3.379
4780,15.000,0.000,3.197
4790,15.000,0.000,3.017
4800,15.000,0.000,2.840
4810,15.000,0.000,2.665
4820,15.000,0.000,2.493
4830,15.000,0.000,2.324
4840,15.000,0.000,2.158
4850,15.000,0.000,1.995
4860,15.000,0.000,1.835
4870,15.000,0.000,1.679
4880,15.000,0.000,1.525
4890,15.000,0.000,1.376
4900,15.000,0.000,1.230
4910,15.000,0.000,1.088
4920,15.000,0.000,0.950
4930,15.000,0.000,0.816
4940,15.000,0.000,0.686
4950,15.000,0.000,0.560
4960,15.000,0.000,0.439
4970,15.000,0.000,0.322
4980,15.000,0.000,0.210
4990,15.000,0.000,0.102
5000,15.000,0.000,0.000
5010,14.999,0.000,-0.100
5020,14.996,0.000,-0.200
5030,14.990,0.000,-0.301
5040,14.982,0.000,-0.402
5050,14.972,0.000,-0.503
5060,14.960,0.000,-0.604
5070,14.946,0.000,-0.706
5080,14.930,0.000,-0.807
5090,14.912,0.000,-0.909
5100,14.891,0.000,-1.011
5110,14.869,0.000,-1.113
5120,14.844,0.000,-1.216
5130,14.818,0.000,-1.318
5140,14.790,0.000,-1.421
5150,14.760,0.000,-1.524
5160,14.727,0.000,-1.627
5170,14.693,0.000,-1.730
5180,14.657,0.000,-1.833
5190,14.620,0.000,-1.937
5200,14.580,0.000,-2.040
5210,14.539,0.000,-2.144
5220,14.495,0.000,-2.247
5230,14.451,0.000,-2.351
5240,14.404,0.000,-2.455
5250,14.355,0.000,-2.559
5260,14.305,0.000,-2.663
5270,14.254,0.000,-2.767
5280,14.200,0.000,-2.871
5290,14.145,0.000,-2.975
5300,14.089,0.000,-3.079
5310,14.031,0.000,-3.183
5320,13.971,0.000,-3.287
5330,13.910,0.000,-3.391
5340,13.847,0.000,-3.495
5350,13.783,0.000,-3.600
5360,13.717,0.000,-3.704
5370,13.650,0.000,-3.808
5380,13.581,0.000,-3.912
5390,13.511,0.000,-4.016
5400,13.440,0.000,-4.120
5410,13.367,0.000,-4.224
5420,13.293,0.000,-4.328
5430,13.218,0.000,-4.432
5440,13.141,0.000,-4.536
5450,13.064,0.000,-4.639
5460,12.985,0.000,-4.743
5470,12.904,0.000,-4.846
5480,12.823,0.000,-4.950
5490,12.740,0.000,-5.053
5500,12.656,0.000,-5.156
5510,12.571,0.000,-5.259
5520,12.485,0.000,-5.362
5530,12.398,0.000,-5.465
5540,12.310,0.000,-5.568
5550,12.221,0.000,-5.670
5560,12.131,0.000,-5.772
5570,12.039,0.000,-5.875
5580,11.947,0.000,-5.977
5590,11.854,0.000,-6.078
5600,11.760,0.000,-6.180
5610,11.665,0.000,-6.281
5620,11.569,0.000,-6.383
5630,11.473,0.000,-6.484
5640,11.375,0.000,-6.584
5650,11.277,0.000,-6.685
5660,11.178,0.000,-6.785
5670,11.078,0.000,-6.885
5680,10.977,0.000,-6.985
5690,10.876,0.000,-7.084
5700,10.774,0.000,-7.184
5710,10.671,0.000,-7.283
5720,10.568,0.000,-7.381
5730,10.464,0.000,-7.480
5740,10.359,0.000,-7.578
5750,10.254,0.000,-7.676
5760,10.148,0.000,-7.773
5770,10.042,0.000,-7.870
5780,9.935,0.000,-7.967
5790,9.828,0.000,-8.064
5800,9.720,0.000,-8.160
5810,9.612,0.000,-8.256
5820,9.503,0.000,-8.351
5830,9.394,0.000,-8.446
5840,9.285,0.000,-8.541
5850,9.175,0.000,-8.635
5860,9.065,0.000,-8.729
5870,8.954,0.000,-8.823
5880,8.844,0.000,-8.916
5890,8.733,0.000,-9.009
5900,8.621,0.000,-9.101
5910,8.510,0.000,-9.193
5920,8.398,0.000,-9.285
5930,8.286,0.000,-9.376
5940,8.174,0.000,-9.466
5950,8.062,0.000,-9.556
5960,7.950,0.000,-9.646
5970,7.837,0.000,-9.735
5980,7.725,0.000,-9.824
5990,7.612,0.000,-9.912
6000,7.500,0.000,-10.000
6010,7.388,0.000,-10.087
6020,7.275,0.000,-10.174
6030,7.163,0.000,-10.260
6040,7.050,0.000,-10.346
6050,6.938,0.000,-10.431
6060,6.826,0.000,-10.516
6070,6.714,0.000,-10.600
6080,6.602,0.000,-10.683
6090,6.490,0.000,-10.766
6100,6.379,0.000,-10.849
6110,6.267,0.000,-10.931
6120,6.156,0.000,-11.012
6130,6.046,0.000,-11.093
6140,5.935,0.000,-11.173
6150,5.825,0.000,-11.252
6160,5.715,0.000,-11.331
6170,5.606,0.000,-11.409
6180,5.497,0.000,-11.487
6190,5.388,0.000,-11.564
6200,5.280,0.000,-11.640
6210,5.172,0.000,-11.716
6220,5.065,0.000,-11.791
6230,4.958,0.000,-11.865
6240,4.852,0.000,-11.939
6250,4.746,0.000,-12.012
6260,4.641,0.000,-12.084
6270,4.536,0.000,-12.156
6280,4.432,0.000,-12.227
6290,4.329,0.000,-12.297
6300,4.226,0.000,-12.366
6310,4.124,0.000,-12.435
6320,4.023,0.000,-12.503
6330,3.922,0.000,-12.570
6340,3.822,0.000,-12.637
6350,3.723,0.000,-12.703
6360,3.625,0.000,-12.768
6370,3.527,0.000,-12.832
6380,3.431,0.000,-12.895
6390,3.335,0.000,-12.958
6400,3.240,0.000,-13.020
6410,3.146,0.000,-13.081
6420,3.053,0.000,-13.141
6430,2.961,0.000,-13.201
6440,2.869,0.000,-13.260
6450,2.779,0.000,-13.317
6460,2.690,0.000,-13.374
6470,2.602,0.000,-13.430
6480,2.515,0.000,-13.486
6490,2.429,0.000,-13.540
6500,2.344,0.000,-13.594
6510,2.260,0.000,-13.646
6520,2.177,0.000,-13.698
6530,2.096,0.000,-13.749
6540,2.015,0.000,-13.799
6550,1.936,0.000,-13.848
6560,1.859,0.000,-13.896
6570,1.782,0.000,-13.944
6580,1.707,0.000,-13.990
6590,1.633,0.000,-14.036
6600,1.560,0.000,-14.080
6610,1.489,0.000,-14.124
6620,1.419,0.000,-14.166
6630,1.350,0.000,-14.208
6640,1.283,0.000,-14.248
6650,1.217,0.000,-14.288
6660,1.153,0.000,-14.327
6670,1.090,0.000,-14.364
6680,1.029,0.000,-14.401
6690,0.969,0.000,-14.437
6700,0.911,0.000,-14.471
6710,0.855,0.000,-14.505
6720,0.800,0.000,-14.537
6730,0.746,0.000,-14.569
6740,0.695,0.000,-14.599
6750,0.645,0.000,-14.629
6760,0.596,0.000,-14.657
6770,0.549,0.000,-14.685
6780,0.505,0.000,-14.711
6790,0.461,0.000,-14.736
6800,0.420,0.000,-14.760
6810,0.380,0.000,-14.783
6820,0.343,0.000,-14.805
6830,0.307,0.000,-14.826
6840,0.273,0.000,-14.845
6850,0.240,0.000,-14.864
6860,0.210,0.000,-14.881
6870,0.182,0.000,-14.897
6880,0.156,0.000,-14.912
6890,0.131,0.000,-14.926
6900,0.109,0.000,-14.939
6910,0.088,0.000,-14.950
6920,0.070,0.000,-14.961
6930,0.054,0.000,-14.970
6940,0.040,0.000,-14.978
6950,0.028,0.000,-14.985
6960,0.018,0.000,-14.990
6970,0.010,0.000,-14.994
6980,0.004,0.000,-14.998
6990,0.001,0.000,-14.999
7000,0.000,0.000,-15.000
7010,0.004,0.000,-15.000
7020,0.017,0.000,-15.000
7030,0.038,0.000,-15.000
7040,0.068,0.000,-15.000
7050,0.105,0.000,-15.000
7060,0.151,0.000,-15.000
7070,0.204,0.000,-15.000
7080,0.264,0.000,-15.000
7090,0.332,0.000,-15.000
7100,0.407,0.000,-15.000
7110,0.489,0.000,-15.000
7120,0.578,0.000,-15.000
7130,0.673,0.000,-15.000
7140,0.775,0.000,-15.000
7150,0.883,0.000,-15.000
7160,0.998,0.000,-15.000
7170,1.118,0.000,-15.000
7180,1.244,0.000,-15.000
7190,1.376,0.000,-15.000
7200,1.513,0.000,-15.000
7210,1.656,0.000,-15.000
7220,1.803,0.000,-15.000
7230,1.956,0.000,-15.000
7240,2.113,0.000,-15.000
7250,2.275,0.000,-15.000
7260,2.441,0.000,-15.000
7270,2.612,0.000,-15.000
7280,2.787,0.000,-15.000
7290,2.965,0.000,-15.000
7300,3.147,0.000,-15.000
7310,3.333,0.000,-15.000
7320,3.523,0.000,-15.000
7330,3.715,0.000,-15.000
7340,3.911,0.000,-15.000
7350,4.109,0.000,-15.000
7360,4.310,0.000,-15.000
7370,4.514,0.000,-15.000
7380,4.720,0.000,-15.000
7390,4.928,0.000,-15.000
7400,5.139,0.000,-15.000
7410,5.351,0.000,-15.000
7420,5.565,0.000,-15.000
7430,5.780,0.000,-15.000
7440,5.997,0.000,-15.000
7450,6.215,0.000,-15.000
7460,6.434,0.000,-15.000
7470,6.653,0.000,-15.000
7480,6.874,0.000,-15.000
7490,7.094,0.000,-15.000
7500,7.316,0.000,-15.000
7510,7.537,0.000,-15.000
7520,7.758,0.000,-15.000
7530,7.979,0.000,-15.000
7540,8.200,0.000,-15.000
7550,8.420,0.000,-15.000
7560,8.640,0.000,-15.000
7570,8.858,0.000,-15.000
7580,9.076,0.000,-15.000
7590,9.292,0.000,-15.000
7600,9.507,0.000,-15.000
7610,9.720,0.000,-15.000
7620,9.932,0.000,-15.000
7630,10.141,0.000,-15.000
7640,10.349,0.000,-15.000
7650,10.554,0.000,-15.000
7660,10.757,0.000,-15.000
7670,10.957,0.000,-15.000
7680,11.155,0.000,-15.000
7690,11.349,0.000,-15.000
7700,11.541,0.000,-15.000
7710,11.729,0.000,-15.000
7720,11.914,0.000,-15.000
7730,12.095,0.000,-15.000
7740,12.272,0.000,-15.000
7750,12.445,0.000,-15.000
7760,12.615,0.000,-15.000
7770,12.780,0.000,-15.000
7780,12.940,0.000,-15.000
7790,13.096,0.000,-15.000
7800,13.247,0.000,-15.000
7810,13.393,0.000,-15.000
7820,13.533,0.000,-15.000
7830,13.669,0.000,-15.000
7840,13.799,0.000,-15.000
7850,13.923,0.000,-15.000
7860,14.041,0.000,-15.000
7870,14.154,0.000,-15.000
7880,14.260,0.000,-15.000
7890,14.360,0.000,-15.000
7900,14.453,0.000,-15.000
7910,14.539,0.000,-15.000
7920,14.619,0.000,-15.000
7930,14.692,0.000,-15.000
7940,14.757,0.000,-15.000
7950,14.815,0.000,-15.000
7960,14.865,0.000,-15.000
7970,14.908,0.000,-15.000
7980,14.943,0.000,-15.000
7990,14.970,0.000,-15.000
8000,14.988,0.000,-15.000
8010,14.998,0.000,-15.000
8020,15.000,0.000,-14.999
8030,15.000,0.000,-14.992
8040,15.000,0.000,-14.975
8050,15.000,0.000,-14.949
8060,15.000,0.000,-14.915
8070,15.000,0.000,-14.872
8080,15.000,0.000,-14.821
8090,15.000,0.000,-14.762
8100,15.000,0.000,-14.695
8110,15.000,0.000,-14.620
8120,15.000,0.000,-14.538
8130,15.000,0.000,-14.448
8140,15.000,0.000,-14.351
8150,15.000,0.000,-14.247
8160,15.000,0.000,-14.137
8170,15.000,0.000,-14.020
8180,15.000,0.000,-13.896
8190,15.000,0.000,-13.766
8200,15.000,0.000,-13.630
8210,15.000,0.000,-13.489
8220,15.000,0.000,-13.341
8230,15.000,0.000,-13.188
8240,15.000,0.000,-13.030
8250,15.000,0.000,-12.867
8260,15.000,0.000,-12.699
8270,15.000,0.000,-12.526
8280,15.000,0.000,-12.349
8290,15.000,0.000,-12.167
8300,15.000,0.000,-11.982
8310,15.000,0.000,-11.792
8320,15.000,0.000,-11.599
8330,15.000,0.000,-11.402
8340,15.000,0.000,-11.201
8350,15.000,0.000,-10.998
8360,15.000,0.000,-10.791
8370,15.000,0.000,-10.582
8380,15.000,0.000,-10.370
8390,15.000,0.000,-10.155
8400,15.000,0.000,-9.939
8410,15.000,0.000,-9.720
8420,15.000,0.000,-9.499
8430,15.000,0.000,-9.277
8440,15.000,0.000,-9.053
8450,15.000,0.000,-8.828
8460,15.000,0.000,-8.602
8470,15.000,0.000,-8.375
8480,15.000,0.000,-8.148
8490,15.000,0.000,-7.919
8500,15.000,0.000,-7.691
8510,15.000,0.000,-7.462
8520,15.000,0.000,-7.233
8530,15.000,0.000,-7.005
8540,15.000,0.000,-6.776
8550,15.000,0.000,-6.549
8560,15.000,0.000,-6.322
8570,15.000,0.000,-6.096
8580,15.000,0.000,-5.872
8590,15.000,0.000,-5.649
8600,15.000,0.000,-5.427
8610,15.000,0.000,-5.207
8620,15.000,0.000,-4.989
8630,15.000,0.000,-4.773
8640,15.000,0.000,-4.559
8650,15.000,0.000,-4.348
8660,15.000,0.000,-4.140
8670,15.000,0.000,-3.934
8680,15.000,0.000,-3.732
8690,15.000,0.000,-3.532
8700,15.000,0.000,-3.337
8710,15.000,0.000,-3.144
8720,15.000,0.000,-2.956
8730,15.000,0.000,-2.772
8740,15.000,0.000,-2.591
8750,15.000,0.000,-2.416
8760,15.000,0.000,-2.244
8770,15.000,0.000,-2.078
8780,15.000,0.000,-1.916
8790,15.000,0.000,-1.760
8800,15.000,0.000,-1.609
8810,15.000,0.000,-1.464
8820,15.000,0.000,-1.324
8830,15.000,0.000,-1.190
8840,15.000,0.000,-1.062
8850,15.000,0.000,-0.941
8860,15.000,0.000,-0.826
8870,15.000,0.000,-0.717
8880,15.000,0.000,-0.616
8890,15.000,0.000,-0.521
8900,15.000,0.000,-0.434
8910,15.000,0.000,-0.354
8920,15.000,0.000,-0.282
8930,15.000,0.000,-0.217
8940,15.000,0.000,-0.161
8950,15.000,0.000,-0.112
8960,15.000,0.000,-0.072
8970,15.000,0.000,-0.041
8980,15.000,0.000,-0.018
8990,15.000,0.000,-0.005
9000,15.000,0.000,0.000
9010,14.996,0.000,0.000
9020,14.982,0.000,0.000
9030,14.960,0.000,0.000
9040,14.930,0.000,0.000
9050,14.891,0.000,0.000
9060,14.844,0.000,0.000
9070,14.790,0.000,0.000
9080,14.727,0.000,0.000
9090,14.657,0.000,0.000
9100,14.580,0.000,0.000
9110,14.495,0.000,0.000
9120,14.404,0.000,0.000
9130,14.305,0.000,0.000
9140,14.200,0.000,0.000
9150,14.089,0.000,0.000
9160,13.971,0.000,0.000
9170,13.847,0.000,0.000
9180,13.717,0.000,0.000
9190,13.581,0.000,0.000
9200,13.440,0.000,0.000
9210,13.293,0.000,0.000
9220,13.141,0.000,0.000
9230,12.985,0.000,0.000
9240,12.823,0.000,0.000
9250,12.656,0.000,0.000
9260,12.485,0.000,0.000
9270,12.310,0.000,0.000
9280,12.131,0.000,0.000
9290,11.947,0.000,0.000
9300,11.760,0.000,0.000
9310,11.569,0.000,0.000
9320,11.375,0.000,0.000
9330,11.178,0.000,0.000
9340,10.977,0.000,0.000
9350,10.774,0.000,0.000
9360,10.568,0.000,0.000
9370,10.359,0.000,0.000
9380,10.148,0.000,0.000
9390,9.935,0.000,0.000
9400,9.720,0.000,0.000
9410,9.503,0.000,0.000
9420,9.285,0.000,0.000
9430,9.065,0.000,0.000
9440,8.844,0.000,0.000
9450,8.621,0.000,0.000
9460,8.398,0.000,0.000
9470,8.174,0.000,0.000
9480,7.950,0.000,0.000
9490,7.725,0.000,0.000
9500,7.500,0.000,0.000
9510,7.275,0.000,0.000
9520,7.050,0.000,0.000
9530,6.826,0.000,0.000
9540,6.602,0.000,0.000
9550,6.379,0.000,0.000
9560,6.156,0.000,0.000
9570,5.935,0.000,0.000
9580,5.715,0.000,0.000
9590,5.497,0.000,0.000
9600,5.280,0.000,0.000
9610,5.065,0.000,0.000
9620,4.852,0.000,0.000
9630,4.641,0.000,0.000
9640,4.432,0.000,0.000
9650,4.226,0.000,0.000
9660,4.023,0.000,0.000
9670,3.822,0.000,0.000
9680,3.625,0.000,0.000
9690,3.431,0.000,0.000
9700,3.240,0.000,0.000
9710,3.053,0.000,0.000
9720,2.869,0.000,0.000
9730,2.690,0.000,0.000
9740,2.515,0.000,0.000
9750,2.344,0.000,0.000
9760,2.177,0.000,0.000
9770,2.015,0.000,0.000
9780,1.859,0.000,0.000
9790,1.707,0.000,0.000
9800,1.560,0.000,0.000
9810,1.419,0.000,0.000
9820,1.283,0.000,0.000
9830,1.153,0.000,0.000
9840,1.029,0.000,0.000
9850,0.911,0.000,0.000
9860,0.800,0.000,0.000
9870,0.695,0.000,0.000
9880,0.596,0.000,0.000
9890,0.505,0.000,0.000
9900,0.420,0.000,0.000
9910,0.343,0.000,0.000
9920,0.273,0.000,0.000
9930,0.210,0.000,0.000
9940,0.156,0.000,0.000
9950,0.109,0.000,0.000
9960,0.070,0.000,0.000
9970,0.040,0.000,0.000
9980,0.018,0.000,0.000
9990,0.004,0.000,0.000
10000,0.000,0.000,0.000
